[
    {
        "rowId" : 100,
        "date" : "2022-10-10",
        "contents" : "내용1",
        "complete" : "N"
    },
    {
        "rowId" : 101,
        "date" : "2022-10-11",
        "contents" : "내용2",
        "complete" : "N"
    },
    {
        "rowId" : 102,
        "date" : "2022-10-12",
        "contents" : "내용3",
        "complete" : "N"
    },
    {
        "rowId" : 103,
        "date" : "2022-10-10",
        "contents" : "내용4",
        "complete" : "N"
    },
    {
        "rowId" : 104,
        "date" : "2022-10-11",
        "contents" : "내용5",
        "complete" : "N"
    }
]